试验编号,照片帧号,照片文件,估计时间_s,Fx1力_N,Fx2力_N,Fy1力_N,Fy2力_N,事件标签,同步状态
XY_X-07-10-01,0,XY/袁-20250529/X-07-10-01/Test1/33061_1_21/Img000000.jpg,0.05,-82.0,-89.0,-4.0,-3.0,加载起点,估计同步待核验
XY_X-07-10-01,1,XY/袁-20250529/X-07-10-01/Test1/33061_1_21/Img000001.jpg,0.054387500000000005,-82.0,-89.0,-4.0,-3.0,,估计同步待核验
XY_X-07-10-01,2,XY/袁-20250529/X-07-10-01/Test1/33061_1_21/Img000002.jpg,0.05877500000000001,-82.0,-89.0,-4.0,-3.0,,估计同步待核验
XY_X-07-10-01,3,XY/袁-20250529/X-07-10-01/Test1/33061_1_21/Img000003.jpg,0.06316250000000001,-150.0,-160.0,-4.0,-3.0,,估计同步待核验
XY_X-07-10-01,4,XY/袁-20250529/X-07-10-01/Test1/33061_1_21/Img000004.jpg,0.06755,-150.0,-160.0,-4.0,-3.0,,估计同步待核验
XY_X-07-10-01,5,XY/袁-20250529/X-07-10-01/Test1/33061_1_21/Img000005.jpg,0.0719375,-229.68750000000057,-247.18750000000063,-4.0,-3.0,,估计同步待核验
XY_X-07-10-01,6,XY/袁-20250529/X-07-10-01/Test1/33061_1_21/Img000006.jpg,0.076325,-235.0,-253.0,-4.0,-3.0,,估计同步待核验
XY_X-07-10-01,7,XY/袁-20250529/X-07-10-01/Test1/33061_1_21/Img000007.jpg,0.0807125,-235.0,-253.0,-4.0,-3.0,,估计同步待核验
XY_X-07-10-01,8,XY/袁-20250529/X-07-10-01/Test1/33061_1_21/Img000008.jpg,0.08510000000000001,-333.0,-344.0,-4.0,-3.0,,估计同步待核验
XY_X-07-10-01,9,XY/袁-20250529/X-07-10-01/Test1/33061_1_21/Img000009.jpg,0.0894875,-333.0,-344.0,-4.0,-3.0,,估计同步待核验
XY_X-07-10-01,10,XY/袁-20250529/X-07-10-01/Test1/33061_1_21/Img000010.jpg,0.09387500000000001,-413.50000000000125,-428.00000000000136,-4.0,-3.0,,估计同步待核验
XY_X-07-10-01,11,XY/袁-20250529/X-07-10-01/Test1/33061_1_21/Img000011.jpg,0.0982625,-425.0,-440.0,-4.0,-3.0,,估计同步待核验
XY_X-07-10-01,12,XY/袁-20250529/X-07-10-01/Test1/33061_1_21/Img000012.jpg,0.10265,-425.0,-440.0,-4.0,-3.0,,估计同步待核验
XY_X-07-10-01,13,XY/袁-20250529/X-07-10-01/Test1/33061_1_21/Img000013.jpg,0.10703750000000001,-520.0,-533.0,-4.0,-3.0,,估计同步待核验
XY_X-07-10-01,14,XY/袁-20250529/X-07-10-01/Test1/33061_1_21/Img000014.jpg,0.111425,-520.0,-533.0,-4.0,-3.0,,估计同步待核验
XY_X-07-10-01,15,XY/袁-20250529/X-07-10-01/Test1/33061_1_21/Img000015.jpg,0.11581250000000001,-591.5000000000006,-602.0625000000006,-4.0,-3.0,,估计同步待核验
XY_X-07-10-01,16,XY/袁-20250529/X-07-10-01/Test1/33061_1_21/Img000016.jpg,0.12020000000000002,-608.0,-618.0,-4.0,-3.0,,估计同步待核验
XY_X-07-10-01,17,XY/袁-20250529/X-07-10-01/Test1/33061_1_21/Img000017.jpg,0.1245875,-608.0,-618.0,-4.0,-3.0,,估计同步待核验
XY_X-07-10-01,18,XY/袁-20250529/X-07-10-01/Test1/33061_1_21/Img000018.jpg,0.128975,-690.0,-705.0,-4.0,-3.0,,估计同步待核验
XY_X-07-10-01,19,XY/袁-20250529/X-07-10-01/Test1/33061_1_21/Img000019.jpg,0.1333625,-690.0,-705.0,-4.0,-3.0,,估计同步待核验
XY_X-07-10-01,20,XY/袁-20250529/X-07-10-01/Test1/33061_1_21/Img000020.jpg,0.13775,-750.0,-762.0,-4.0,-3.0,,估计同步待核验
XY_X-07-10-01,21,XY/袁-20250529/X-07-10-01/Test1/33061_1_21/Img000021.jpg,0.14213750000000003,-770.0,-781.0,-4.0,-3.0,,估计同步待核验
XY_X-07-10-01,22,XY/袁-20250529/X-07-10-01/Test1/33061_1_21/Img000022.jpg,0.14652500000000002,-770.0,-781.0,-4.0,-3.0,,估计同步待核验
XY_X-07-10-01,23,XY/袁-20250529/X-07-10-01/Test1/33061_1_21/Img000023.jpg,0.1509125,-843.0,-855.0,-4.0,-3.0,,估计同步待核验
XY_X-07-10-01,24,XY/袁-20250529/X-07-10-01/Test1/33061_1_21/Img000024.jpg,0.1553,-843.0,-855.0,-4.0,-3.0,,估计同步待核验
XY_X-07-10-01,25,XY/袁-20250529/X-07-10-01/Test1/33061_1_21/Img000025.jpg,0.1596875,-889.7500000000005,-900.3750000000005,-4.0,-3.0,,估计同步待核验
XY_X-07-10-01,26,XY/袁-20250529/X-07-10-01/Test1/33061_1_21/Img000026.jpg,0.16407500000000003,-911.0,-921.0,-4.0,-3.0,,估计同步待核验
XY_X-07-10-01,27,XY/袁-20250529/X-07-10-01/Test1/33061_1_21/Img000027.jpg,0.16846250000000002,-911.0,-921.0,-4.0,-3.0,,估计同步待核验
XY_X-07-10-01,28,XY/袁-20250529/X-07-10-01/Test1/33061_1_21/Img000028.jpg,0.17285,-931.0,-940.0,-4.0,-3.0,力峰值,估计同步待核验
XY_X-07-10-01,29,XY/袁-20250529/X-07-10-01/Test1/33061_1_21/Img000029.jpg,0.1772375,-931.0,-940.0,-4.0,-3.0,,估计同步待核验
XY_X-07-10-01,30,XY/袁-20250529/X-07-10-01/Test1/33061_1_21/Img000030.jpg,0.18162500000000004,-875.9999999999964,-876.2499999999958,-4.0,-3.0,,估计同步待核验
XY_X-07-10-01,31,XY/袁-20250529/X-07-10-01/Test1/33061_1_21/Img000031.jpg,0.18601250000000003,-843.0,-838.0,-4.0,-3.0,,估计同步待核验
XY_X-07-10-01,32,XY/袁-20250529/X-07-10-01/Test1/33061_1_21/Img000032.jpg,0.1904,-843.0,-838.0,-4.0,-3.0,,估计同步待核验
XY_X-07-10-01,33,XY/袁-20250529/X-07-10-01/Test1/33061_1_21/Img000033.jpg,0.1947875,-673.0,-638.0,-4.0,-3.0,,估计同步待核验
XY_X-07-10-01,34,XY/袁-20250529/X-07-10-01/Test1/33061_1_21/Img000034.jpg,0.199175,-673.0,-638.0,-4.0,-3.0,,估计同步待核验
XY_X-07-10-01,35,XY/袁-20250529/X-07-10-01/Test1/33061_1_21/Img000035.jpg,0.20356250000000004,-544.7499999999917,-505.2499999999914,-4.0,-3.5625000000000364,,估计同步待核验
XY_X-07-10-01,36,XY/袁-20250529/X-07-10-01/Test1/33061_1_21/Img000036.jpg,0.20795000000000002,-445.0,-402.0,-4.0,-4.0,,估计同步待核验
XY_X-07-10-01,37,XY/袁-20250529/X-07-10-01/Test1/33061_1_21/Img000037.jpg,0.2123375,-445.0,-402.0,-4.0,-4.0,,估计同步待核验
XY_X-07-10-01,38,XY/袁-20250529/X-07-10-01/Test1/33061_1_21/Img000038.jpg,0.216725,-224.0,-181.0,-4.0,-4.0,,估计同步待核验
XY_X-07-10-01,39,XY/袁-20250529/X-07-10-01/Test1/33061_1_21/Img000039.jpg,0.2211125,-224.0,-181.0,-4.0,-4.0,,估计同步待核验
XY_X-07-10-01,40,XY/袁-20250529/X-07-10-01/Test1/33061_1_21/Img000040.jpg,0.22550000000000003,-147.49999999999574,-112.99999999999622,-4.0,-4.0,峰后下降,估计同步待核验
XY_X-07-10-01,41,XY/袁-20250529/X-07-10-01/Test1/33061_1_21/Img000041.jpg,0.22988750000000002,-71.0,-45.0,-4.0,-4.0,,估计同步待核验
XY_X-07-10-01,42,XY/袁-20250529/X-07-10-01/Test1/33061_1_21/Img000042.jpg,0.234275,-71.0,-45.0,-4.0,-4.0,,估计同步待核验
XY_X-07-10-01,43,XY/袁-20250529/X-07-10-01/Test1/33061_1_21/Img000043.jpg,0.2386625,-7.0,-8.0,-4.0,-4.0,,估计同步待核验
XY_X-07-10-01,44,XY/袁-20250529/X-07-10-01/Test1/33061_1_21/Img000044.jpg,0.24305000000000004,-7.0,-8.0,-4.0,-4.0,,估计同步待核验
XY_X-07-10-01,45,XY/袁-20250529/X-07-10-01/Test1/33061_1_21/Img000045.jpg,0.24743750000000003,-7.437500000000035,-8.0,-4.0,-4.0,,估计同步待核验
XY_X-07-10-01,46,XY/袁-20250529/X-07-10-01/Test1/33061_1_21/Img000046.jpg,0.251825,-8.0,-8.0,-4.0,-4.0,,估计同步待核验
XY_X-07-10-01,47,XY/袁-20250529/X-07-10-01/Test1/33061_1_21/Img000047.jpg,0.2562125,-8.0,-8.0,-4.0,-4.0,,估计同步待核验
XY_X-07-10-01,48,XY/袁-20250529/X-07-10-01/Test1/33061_1_21/Img000048.jpg,0.2606,-8.0,-7.0,-4.0,-4.0,,估计同步待核验
XY_X-07-10-01,49,XY/袁-20250529/X-07-10-01/Test1/33061_1_21/Img000049.jpg,0.26498750000000004,-8.0,-7.0,-4.0,-4.0,,估计同步待核验
XY_X-07-10-01,50,XY/袁-20250529/X-07-10-01/Test1/33061_1_21/Img000050.jpg,0.26937500000000003,-7.624999999999986,-7.375000000000014,-4.0,-3.6249999999999862,,估计同步待核验
XY_X-07-10-01,51,XY/袁-20250529/X-07-10-01/Test1/33061_1_21/Img000051.jpg,0.2737625,-7.0,-8.0,-4.0,-3.0,,估计同步待核验
XY_X-07-10-01,52,XY/袁-20250529/X-07-10-01/Test1/33061_1_21/Img000052.jpg,0.27815,-7.0,-8.0,-4.0,-3.0,,估计同步待核验
XY_X-07-10-01,53,XY/袁-20250529/X-07-10-01/Test1/33061_1_21/Img000053.jpg,0.2825375,-9.0,-7.0,-4.0,-3.0,,估计同步待核验
XY_X-07-10-01,54,XY/袁-20250529/X-07-10-01/Test1/33061_1_21/Img000054.jpg,0.28692500000000004,-9.0,-7.0,-4.0,-3.0,,估计同步待核验
XY_X-07-10-01,55,XY/袁-20250529/X-07-10-01/Test1/33061_1_21/Img000055.jpg,0.29131250000000003,-8.374999999999902,-7.312500000000049,-4.0,-3.0,,估计同步待核验
XY_X-07-10-01,56,XY/袁-20250529/X-07-10-01/Test1/33061_1_21/Img000056.jpg,0.2957,-7.0,-8.0,-4.0,-3.0,,估计同步待核验
XY_X-07-10-01,57,XY/袁-20250529/X-07-10-01/Test1/33061_1_21/Img000057.jpg,0.3000875,-7.0,-8.0,-4.0,-3.0,,估计同步待核验
XY_X-07-10-01,58,XY/袁-20250529/X-07-10-01/Test1/33061_1_21/Img000058.jpg,0.304475,-9.0,-7.0,-4.0,-3.0,,估计同步待核验
XY_X-07-10-01,59,XY/袁-20250529/X-07-10-01/Test1/33061_1_21/Img000059.jpg,0.30886250000000004,-9.0,-7.0,-4.0,-3.0,,估计同步待核验
XY_X-07-10-01,60,XY/袁-20250529/X-07-10-01/Test1/33061_1_21/Img000060.jpg,0.31325000000000003,-8.499999999999945,-7.2500000000000275,-4.0,-3.0,,估计同步待核验
XY_X-07-10-01,61,XY/袁-20250529/X-07-10-01/Test1/33061_1_21/Img000061.jpg,0.3176375,-7.0,-8.0,-4.0,-3.0,,估计同步待核验
XY_X-07-10-01,62,XY/袁-20250529/X-07-10-01/Test1/33061_1_21/Img000062.jpg,0.322025,-7.0,-8.0,-4.0,-3.0,,估计同步待核验
XY_X-07-10-01,63,XY/袁-20250529/X-07-10-01/Test1/33061_1_21/Img000063.jpg,0.3264125,-9.0,-7.0,-4.0,-3.0,,估计同步待核验
XY_X-07-10-01,64,XY/袁-20250529/X-07-10-01/Test1/33061_1_21/Img000064.jpg,0.33080000000000004,-9.0,-7.0,-4.0,-3.0,,估计同步待核验
XY_X-07-10-01,65,XY/袁-20250529/X-07-10-01/Test1/33061_1_21/Img000065.jpg,0.3351875,-8.624999999999986,-7.187500000000007,-4.0,-3.0,,估计同步待核验
XY_X-07-10-01,66,XY/袁-20250529/X-07-10-01/Test1/33061_1_21/Img000066.jpg,0.339575,-7.0,-8.0,-4.0,-3.0,,估计同步待核验
XY_X-07-10-01,67,XY/袁-20250529/X-07-10-01/Test1/33061_1_21/Img000067.jpg,0.3439625,-7.0,-8.0,-4.0,-3.0,,估计同步待核验
XY_X-07-10-01,68,XY/袁-20250529/X-07-10-01/Test1/33061_1_21/Img000068.jpg,0.34835,-8.0,-8.0,-4.0,-3.0,,估计同步待核验
XY_X-07-10-01,69,XY/袁-20250529/X-07-10-01/Test1/33061_1_21/Img000069.jpg,0.35273750000000004,-8.0,-8.0,-4.0,-3.0,,估计同步待核验
XY_X-07-10-01,70,XY/袁-20250529/X-07-10-01/Test1/33061_1_21/Img000070.jpg,0.357125,-8.0,-8.0,-4.0,-3.0,,估计同步待核验
XY_X-07-10-01,71,XY/袁-20250529/X-07-10-01/Test1/33061_1_21/Img000071.jpg,0.3615125,-8.0,-8.0,-4.0,-3.0,,估计同步待核验
XY_X-07-10-01,72,XY/袁-20250529/X-07-10-01/Test1/33061_1_21/Img000072.jpg,0.3659,-8.0,-8.0,-4.0,-3.0,,估计同步待核验
XY_X-07-10-01,73,XY/袁-20250529/X-07-10-01/Test1/33061_1_21/Img000073.jpg,0.3702875,-8.0,-8.0,-4.0,-3.0,,估计同步待核验
XY_X-07-10-01,74,XY/袁-20250529/X-07-10-01/Test1/33061_1_21/Img000074.jpg,0.37467500000000004,-8.0,-8.0,-4.0,-3.0,,估计同步待核验
XY_X-07-10-01,75,XY/袁-20250529/X-07-10-01/Test1/33061_1_21/Img000075.jpg,0.3790625,-8.062500000000021,-7.93749999999998,-4.06250000000002,-3.0,,估计同步待核验
XY_X-07-10-01,76,XY/袁-20250529/X-07-10-01/Test1/33061_1_21/Img000076.jpg,0.38345,-9.0,-7.0,-5.0,-3.0,,估计同步待核验
XY_X-07-10-01,77,XY/袁-20250529/X-07-10-01/Test1/33061_1_21/Img000077.jpg,0.38783750000000006,-9.0,-7.0,-5.0,-3.0,,估计同步待核验
XY_X-07-10-01,78,XY/袁-20250529/X-07-10-01/Test1/33061_1_21/Img000078.jpg,0.392225,-7.0,-8.0,-4.0,-3.0,,估计同步待核验
XY_X-07-10-01,79,XY/袁-20250529/X-07-10-01/Test1/33061_1_21/Img000079.jpg,0.39661250000000003,-7.0,-8.0,-4.0,-3.0,,估计同步待核验
XY_X-07-10-01,80,XY/袁-20250529/X-07-10-01/Test1/33061_1_21/Img000080.jpg,0.401,-7.0,-8.0,-4.0,-3.0,文件末帧,估计同步待核验
