node_label,x0_mm,y0_mm,u_mm,v_mm
1,0.0,0.0,1.15384614e-35,1.15384614e-35
2,5.0,0.0,0.025,2.3076923e-35
3,10.0,0.0,0.05,2.3076923e-35
4,15.0,0.0,0.075,2.3076923e-35
5,20.0,0.0,0.1,2.3076923e-35
6,25.0,0.0,0.125,2.3076923e-35
7,30.0,0.0,0.15,2.3076923e-35
8,35.0,0.0,0.175,2.3076923e-35
9,40.0,0.0,0.2,2.3076923e-35
10,45.0,0.0,0.225,2.3076923e-35
11,50.0,0.0,0.25,2.3076923e-35
12,55.0,0.0,0.275,2.3076923e-35
13,60.0,0.0,0.3,2.3076923e-35
14,65.0,0.0,0.325,2.3076923e-35
15,70.0,0.0,0.35,2.3076923e-35
16,75.0,0.0,0.375,2.3076923e-35
17,80.0,0.0,0.4,2.3076923e-35
18,85.0,0.0,0.425,2.3076923e-35
19,90.0,0.0,0.45,2.3076923e-35
20,95.0,0.0,0.475,2.3076923e-35
21,100.0,0.0,0.5,1.15384614e-35
22,0.0,5.0,2.3076923e-35,0.025
23,5.0,5.0,0.025,0.025
24,10.0,5.0,0.05,0.025
25,15.0,5.0,0.075,0.025
26,20.0,5.0,0.1,0.025
27,25.0,5.0,0.125,0.025
28,30.0,5.0,0.15,0.025
29,35.0,5.0,0.175,0.025
30,40.0,5.0,0.2,0.025
31,45.0,5.0,0.225,0.025
32,50.0,5.0,0.25,0.025
33,55.0,5.0,0.275,0.025
34,60.0,5.0,0.3,0.025
35,65.0,5.0,0.325,0.025
36,70.0,5.0,0.35,0.025
37,75.0,5.0,0.375,0.025
38,80.0,5.0,0.4,0.025
39,85.0,5.0,0.425,0.025
40,90.0,5.0,0.45,0.025
41,95.0,5.0,0.475,0.025
42,100.0,5.0,0.5,0.025
43,0.0,10.0,2.3076923e-35,0.05
44,5.0,10.0,0.025,0.05
45,10.0,10.0,0.05,0.05
46,15.0,10.0,0.075,0.05
47,20.0,10.0,0.1,0.05
48,25.0,10.0,0.125,0.05
49,30.0,10.0,0.15,0.05
50,35.0,10.0,0.175,0.05
51,40.0,10.0,0.2,0.05
52,45.0,10.0,0.225,0.05
53,50.0,10.0,0.25,0.05
54,55.0,10.0,0.275,0.05
55,60.0,10.0,0.3,0.05
56,65.0,10.0,0.325,0.05
57,70.0,10.0,0.35,0.05
58,75.0,10.0,0.375,0.05
59,80.0,10.0,0.4,0.05
60,85.0,10.0,0.425,0.05
61,90.0,10.0,0.45,0.05
62,95.0,10.0,0.475,0.05
63,100.0,10.0,0.5,0.05
64,0.0,15.0,2.3076923e-35,0.075
65,5.0,15.0,0.025,0.075
66,10.0,15.0,0.05,0.075
67,15.0,15.0,0.075,0.075
68,20.0,15.0,0.1,0.075
69,25.0,15.0,0.125,0.075
70,30.0,15.0,0.15,0.075
71,35.0,15.0,0.175,0.075
72,40.0,15.0,0.2,0.075
73,45.0,15.0,0.225,0.075
74,50.0,15.0,0.25,0.075
75,55.0,15.0,0.275,0.075
76,60.0,15.0,0.3,0.075
77,65.0,15.0,0.325,0.075
78,70.0,15.0,0.35,0.075
79,75.0,15.0,0.375,0.075
80,80.0,15.0,0.4,0.075
81,85.0,15.0,0.425,0.075
82,90.0,15.0,0.45,0.075
83,95.0,15.0,0.475,0.075
84,100.0,15.0,0.5,0.075
85,0.0,20.0,2.3076923e-35,0.1
86,5.0,20.0,0.025,0.1
87,10.0,20.0,0.05,0.1
88,15.0,20.0,0.075,0.1
89,20.0,20.0,0.1,0.1
90,25.0,20.0,0.125,0.1
91,30.0,20.0,0.15,0.1
92,35.0,20.0,0.175,0.1
93,40.0,20.0,0.2,0.1
94,45.0,20.0,0.225,0.1
95,50.0,20.0,0.25,0.1
96,55.0,20.0,0.275,0.1
97,60.0,20.0,0.3,0.1
98,65.0,20.0,0.325,0.1
99,70.0,20.0,0.35,0.1
100,75.0,20.0,0.375,0.1
101,80.0,20.0,0.4,0.1
102,85.0,20.0,0.425,0.1
103,90.0,20.0,0.45,0.1
104,95.0,20.0,0.475,0.1
105,100.0,20.0,0.5,0.1
106,0.0,25.0,2.3076923e-35,0.125
107,5.0,25.0,0.025,0.125
108,10.0,25.0,0.05,0.125
109,15.0,25.0,0.075,0.125
110,20.0,25.0,0.1,0.125
111,25.0,25.0,0.125,0.125
112,30.0,25.0,0.15,0.125
113,35.0,25.0,0.175,0.125
114,40.0,25.0,0.2,0.125
115,45.0,25.0,0.225,0.125
116,50.0,25.0,0.25,0.125
117,55.0,25.0,0.275,0.125
118,60.0,25.0,0.3,0.125
119,65.0,25.0,0.325,0.125
120,70.0,25.0,0.35,0.125
121,75.0,25.0,0.375,0.125
122,80.0,25.0,0.4,0.125
123,85.0,25.0,0.425,0.125
124,90.0,25.0,0.45,0.125
125,95.0,25.0,0.475,0.125
126,100.0,25.0,0.5,0.125
127,0.0,30.0,2.3076923e-35,0.15
128,5.0,30.0,0.025,0.15
129,10.0,30.0,0.05,0.15
130,15.0,30.0,0.075,0.15
131,20.0,30.0,0.1,0.15
132,25.0,30.0,0.125,0.15
133,30.0,30.0,0.15,0.15
134,35.0,30.0,0.175,0.15
135,40.0,30.0,0.2,0.15
136,45.0,30.0,0.225,0.15
137,50.0,30.0,0.25,0.15
138,55.0,30.0,0.275,0.15
139,60.0,30.0,0.3,0.15
140,65.0,30.0,0.325,0.15
141,70.0,30.0,0.35,0.15
142,75.0,30.0,0.375,0.15
143,80.0,30.0,0.4,0.15
144,85.0,30.0,0.425,0.15
145,90.0,30.0,0.45,0.15
146,95.0,30.0,0.475,0.15
147,100.0,30.0,0.5,0.15
148,0.0,35.0,2.3076923e-35,0.175
149,5.0,35.0,0.025,0.175
150,10.0,35.0,0.05,0.175
151,15.0,35.0,0.075,0.175
152,20.0,35.0,0.1,0.175
153,25.0,35.0,0.125,0.175
154,30.0,35.0,0.15,0.175
155,35.0,35.0,0.175,0.175
156,40.0,35.0,0.2,0.175
157,45.0,35.0,0.225,0.175
158,50.0,35.0,0.25,0.175
159,55.0,35.0,0.275,0.175
160,60.0,35.0,0.3,0.175
161,65.0,35.0,0.325,0.175
162,70.0,35.0,0.35,0.175
163,75.0,35.0,0.375,0.175
164,80.0,35.0,0.4,0.175
165,85.0,35.0,0.425,0.175
166,90.0,35.0,0.45,0.175
167,95.0,35.0,0.475,0.175
168,100.0,35.0,0.5,0.175
169,0.0,40.0,2.3076923e-35,0.2
170,5.0,40.0,0.025,0.2
171,10.0,40.0,0.05,0.2
172,15.0,40.0,0.075,0.2
173,20.0,40.0,0.1,0.2
174,25.0,40.0,0.125,0.2
175,30.0,40.0,0.15,0.2
176,35.0,40.0,0.175,0.2
177,40.0,40.0,0.2,0.2
178,45.0,40.0,0.225,0.2
179,50.0,40.0,0.25,0.2
180,55.0,40.0,0.275,0.2
181,60.0,40.0,0.3,0.2
182,65.0,40.0,0.325,0.2
183,70.0,40.0,0.35,0.2
184,75.0,40.0,0.375,0.2
185,80.0,40.0,0.4,0.2
186,85.0,40.0,0.425,0.2
187,90.0,40.0,0.45,0.2
188,95.0,40.0,0.475,0.2
189,100.0,40.0,0.5,0.2
190,0.0,45.0,2.3076923e-35,0.225
191,5.0,45.0,0.025,0.225
192,10.0,45.0,0.05,0.225
193,15.0,45.0,0.075,0.225
194,20.0,45.0,0.1,0.225
195,25.0,45.0,0.125,0.225
196,30.0,45.0,0.15,0.225
197,35.0,45.0,0.175,0.225
198,40.0,45.0,0.2,0.225
199,45.0,45.0,0.225,0.225
200,50.0,45.0,0.25,0.225
201,55.0,45.0,0.275,0.225
202,60.0,45.0,0.3,0.225
203,65.0,45.0,0.325,0.225
204,70.0,45.0,0.35,0.225
205,75.0,45.0,0.375,0.225
206,80.0,45.0,0.4,0.225
207,85.0,45.0,0.425,0.225
208,90.0,45.0,0.45,0.225
209,95.0,45.0,0.475,0.225
210,100.0,45.0,0.5,0.225
211,0.0,50.0,2.3076923e-35,0.25
212,5.0,50.0,0.025,0.25
213,10.0,50.0,0.05,0.25
214,15.0,50.0,0.075,0.25
215,20.0,50.0,0.1,0.25
216,25.0,50.0,0.125,0.25
217,30.0,50.0,0.15,0.25
218,35.0,50.0,0.175,0.25
219,40.0,50.0,0.2,0.25
220,45.0,50.0,0.225,0.25
221,50.0,50.0,0.25,0.25
222,55.0,50.0,0.275,0.25
223,60.0,50.0,0.3,0.25
224,65.0,50.0,0.325,0.25
225,70.0,50.0,0.35,0.25
226,75.0,50.0,0.375,0.25
227,80.0,50.0,0.4,0.25
228,85.0,50.0,0.425,0.25
229,90.0,50.0,0.45,0.25
230,95.0,50.0,0.475,0.25
231,100.0,50.0,0.5,0.25
232,0.0,55.0,2.3076923e-35,0.275
233,5.0,55.0,0.025,0.275
234,10.0,55.0,0.05,0.275
235,15.0,55.0,0.075,0.275
236,20.0,55.0,0.1,0.275
237,25.0,55.0,0.125,0.275
238,30.0,55.0,0.15,0.275
239,35.0,55.0,0.175,0.275
240,40.0,55.0,0.2,0.275
241,45.0,55.0,0.225,0.275
242,50.0,55.0,0.25,0.275
243,55.0,55.0,0.275,0.275
244,60.0,55.0,0.3,0.275
245,65.0,55.0,0.325,0.275
246,70.0,55.0,0.35,0.275
247,75.0,55.0,0.375,0.275
248,80.0,55.0,0.4,0.275
249,85.0,55.0,0.425,0.275
250,90.0,55.0,0.45,0.275
251,95.0,55.0,0.475,0.275
252,100.0,55.0,0.5,0.275
253,0.0,60.0,2.3076923e-35,0.3
254,5.0,60.0,0.025,0.3
255,10.0,60.0,0.05,0.3
256,15.0,60.0,0.075,0.3
257,20.0,60.0,0.1,0.3
258,25.0,60.0,0.125,0.3
259,30.0,60.0,0.15,0.3
260,35.0,60.0,0.175,0.3
261,40.0,60.0,0.2,0.3
262,45.0,60.0,0.225,0.3
263,50.0,60.0,0.25,0.3
264,55.0,60.0,0.275,0.3
265,60.0,60.0,0.3,0.3
266,65.0,60.0,0.325,0.3
267,70.0,60.0,0.35,0.3
268,75.0,60.0,0.375,0.3
269,80.0,60.0,0.4,0.3
270,85.0,60.0,0.425,0.3
271,90.0,60.0,0.45,0.3
272,95.0,60.0,0.475,0.3
273,100.0,60.0,0.5,0.3
274,0.0,65.0,2.3076923e-35,0.325
275,5.0,65.0,0.025,0.325
276,10.0,65.0,0.05,0.325
277,15.0,65.0,0.075,0.325
278,20.0,65.0,0.1,0.325
279,25.0,65.0,0.125,0.325
280,30.0,65.0,0.15,0.325
281,35.0,65.0,0.175,0.325
282,40.0,65.0,0.2,0.325
283,45.0,65.0,0.225,0.325
284,50.0,65.0,0.25,0.325
285,55.0,65.0,0.275,0.325
286,60.0,65.0,0.3,0.325
287,65.0,65.0,0.325,0.325
288,70.0,65.0,0.35,0.325
289,75.0,65.0,0.375,0.325
290,80.0,65.0,0.4,0.325
291,85.0,65.0,0.425,0.325
292,90.0,65.0,0.45,0.325
293,95.0,65.0,0.475,0.325
294,100.0,65.0,0.5,0.325
295,0.0,70.0,2.3076923e-35,0.35
296,5.0,70.0,0.025,0.35
297,10.0,70.0,0.05,0.35
298,15.0,70.0,0.075,0.35
299,20.0,70.0,0.1,0.35
300,25.0,70.0,0.125,0.35
301,30.0,70.0,0.15,0.35
302,35.0,70.0,0.175,0.35
303,40.0,70.0,0.2,0.35
304,45.0,70.0,0.225,0.35
305,50.0,70.0,0.25,0.35
306,55.0,70.0,0.275,0.35
307,60.0,70.0,0.3,0.35
308,65.0,70.0,0.325,0.35
309,70.0,70.0,0.35,0.35
310,75.0,70.0,0.375,0.35
311,80.0,70.0,0.4,0.35
312,85.0,70.0,0.425,0.35
313,90.0,70.0,0.45,0.35
314,95.0,70.0,0.475,0.35
315,100.0,70.0,0.5,0.35
316,0.0,75.0,2.3076923e-35,0.375
317,5.0,75.0,0.025,0.375
318,10.0,75.0,0.05,0.375
319,15.0,75.0,0.075,0.375
320,20.0,75.0,0.1,0.375
321,25.0,75.0,0.125,0.375
322,30.0,75.0,0.15,0.375
323,35.0,75.0,0.175,0.375
324,40.0,75.0,0.2,0.375
325,45.0,75.0,0.225,0.375
326,50.0,75.0,0.25,0.375
327,55.0,75.0,0.275,0.375
328,60.0,75.0,0.3,0.375
329,65.0,75.0,0.325,0.375
330,70.0,75.0,0.35,0.375
331,75.0,75.0,0.375,0.375
332,80.0,75.0,0.4,0.375
333,85.0,75.0,0.425,0.375
334,90.0,75.0,0.45,0.375
335,95.0,75.0,0.475,0.375
336,100.0,75.0,0.5,0.375
337,0.0,80.0,2.3076923e-35,0.4
338,5.0,80.0,0.025,0.4
339,10.0,80.0,0.05,0.4
340,15.0,80.0,0.075,0.4
341,20.0,80.0,0.1,0.4
342,25.0,80.0,0.125,0.4
343,30.0,80.0,0.15,0.4
344,35.0,80.0,0.175,0.4
345,40.0,80.0,0.2,0.4
346,45.0,80.0,0.225,0.4
347,50.0,80.0,0.25,0.4
348,55.0,80.0,0.275,0.4
349,60.0,80.0,0.3,0.4
350,65.0,80.0,0.325,0.4
351,70.0,80.0,0.35,0.4
352,75.0,80.0,0.375,0.4
353,80.0,80.0,0.4,0.4
354,85.0,80.0,0.425,0.4
355,90.0,80.0,0.45,0.4
356,95.0,80.0,0.475,0.4
357,100.0,80.0,0.5,0.4
358,0.0,85.0,2.3076923e-35,0.425
359,5.0,85.0,0.025,0.425
360,10.0,85.0,0.05,0.425
361,15.0,85.0,0.075,0.425
362,20.0,85.0,0.1,0.425
363,25.0,85.0,0.125,0.425
364,30.0,85.0,0.15,0.425
365,35.0,85.0,0.175,0.425
366,40.0,85.0,0.2,0.425
367,45.0,85.0,0.225,0.425
368,50.0,85.0,0.25,0.425
369,55.0,85.0,0.275,0.425
370,60.0,85.0,0.3,0.425
371,65.0,85.0,0.325,0.425
372,70.0,85.0,0.35,0.425
373,75.0,85.0,0.375,0.425
374,80.0,85.0,0.4,0.425
375,85.0,85.0,0.425,0.425
376,90.0,85.0,0.45,0.425
377,95.0,85.0,0.475,0.425
378,100.0,85.0,0.5,0.425
379,0.0,90.0,2.3076923e-35,0.45
380,5.0,90.0,0.025,0.45
381,10.0,90.0,0.05,0.45
382,15.0,90.0,0.075,0.45
383,20.0,90.0,0.1,0.45
384,25.0,90.0,0.125,0.45
385,30.0,90.0,0.15,0.45
386,35.0,90.0,0.175,0.45
387,40.0,90.0,0.2,0.45
388,45.0,90.0,0.225,0.45
389,50.0,90.0,0.25,0.45
390,55.0,90.0,0.275,0.45
391,60.0,90.0,0.3,0.45
392,65.0,90.0,0.325,0.45
393,70.0,90.0,0.35,0.45
394,75.0,90.0,0.375,0.45
395,80.0,90.0,0.4,0.45
396,85.0,90.0,0.425,0.45
397,90.0,90.0,0.45,0.45
398,95.0,90.0,0.475,0.45
399,100.0,90.0,0.5,0.45
400,0.0,95.0,2.3076923e-35,0.475
401,5.0,95.0,0.025,0.475
402,10.0,95.0,0.05,0.475
403,15.0,95.0,0.075,0.475
404,20.0,95.0,0.1,0.475
405,25.0,95.0,0.125,0.475
406,30.0,95.0,0.15,0.475
407,35.0,95.0,0.175,0.475
408,40.0,95.0,0.2,0.475
409,45.0,95.0,0.225,0.475
410,50.0,95.0,0.25,0.475
411,55.0,95.0,0.275,0.475
412,60.0,95.0,0.3,0.475
413,65.0,95.0,0.325,0.475
414,70.0,95.0,0.35,0.475
415,75.0,95.0,0.375,0.475
416,80.0,95.0,0.4,0.475
417,85.0,95.0,0.425,0.475
418,90.0,95.0,0.45,0.475
419,95.0,95.0,0.475,0.475
420,100.0,95.0,0.5,0.475
421,0.0,100.0,1.15384614e-35,0.5
422,5.0,100.0,0.025,0.5
423,10.0,100.0,0.05,0.5
424,15.0,100.0,0.075,0.5
425,20.0,100.0,0.1,0.5
426,25.0,100.0,0.125,0.5
427,30.0,100.0,0.15,0.5
428,35.0,100.0,0.175,0.5
429,40.0,100.0,0.2,0.5
430,45.0,100.0,0.225,0.5
431,50.0,100.0,0.25,0.5
432,55.0,100.0,0.275,0.5
433,60.0,100.0,0.3,0.5
434,65.0,100.0,0.325,0.5
435,70.0,100.0,0.35,0.5
436,75.0,100.0,0.375,0.5
437,80.0,100.0,0.4,0.5
438,85.0,100.0,0.425,0.5
439,90.0,100.0,0.45,0.5
440,95.0,100.0,0.475,0.5
441,100.0,100.0,0.5,0.5
